,Global_active_power,Global_reactive_power,Voltage,Sub_metering_1,Sub_metering_2,Sub_metering_3
Global_active_power,1.0,0.2470170526440582,-0.39976160962894236,0.484401275177485,0.43456871759852367,0.6385554235386676
Global_reactive_power,0.2470170526440582,1.0,-0.11224557478068581,0.12311056609201998,0.139230893433487,0.08961652622818825
Voltage,-0.39976160962894236,-0.11224557478068581,1.0,-0.1959755510884797,-0.16740476405893642,-0.26817208074324267
Sub_metering_1,0.484401275177485,0.12311056609201998,-0.1959755510884797,1.0,0.054720864323486794,0.1025710729056625
Sub_metering_2,0.43456871759852367,0.139230893433487,-0.16740476405893642,0.054720864323486794,1.0,0.08087204566632612
Sub_metering_3,0.6385554235386676,0.08961652622818825,-0.26817208074324267,0.1025710729056625,0.08087204566632612,1.0
